ATCCA	-0.18	0.436	0.06	-0.008	-0.228
GTCAT	2.229	1.369	0.729	-0.086	1.973
TGTAA	0.334	1.135	1.047	-0.272	0.302
CAGGG	-0.291	-0.871	1.28	0.773	0.721
TTCGA	0.094	0.461	0.157	0.49	0.512
AGCTG	-0.056	0.768	0.682	-0.465	0.92
GAGCG	0.613	-0.369	0.319	0.014	-0.167
GCAGA	1.625	0.977	-0.602	1.462	0.128
TCCGA	1.626	0.368	0.075	0.675	0.748
AAGGG	-0.452	-0.047	0.555	0.789	0.162
CGGCT	0.573	0.543	1.234	1.25	0.042
TCTTC	-0.502	0.195	0.413	0.401	0.236
ACTTT	-0.725	0.062	-0.038	0.476	0.206
TGTTG	-0.318	1.311	1.701	-0.118	0.59
TACTG	0.426	-0.235	1.165	0.334	1.135
AATCC	-0.228	0.777	0.407	-0.207	-0.405
CTGAT	-0.091	-0.432	1.126	0.607	0.879
TGGGT	-0.127	-0.098	1.13	1.312	0.809
GATCG	1.065	-0.13	0.275	-0.375	0.087
GGAGC	0.925	0.613	-0.369	0.319	0.014
CAGCG	1.448	-0.502	1.507	1.078	0.829
AGGGG	-0.854	-0.004	0.273	0.299	0.666
TTCAC	0.229	-0.681	-0.58	-0.71	0.864
ACGAC	-0.179	1.245	0.366	0.593	1.302
TTCTC	0.688	-0.208	-0.62	-0.502	0.195
GCTGA	0.768	0.682	-0.465	0.92	0.5
TGTCT	0.138	0.579	0.824	0.074	0.302
AGTAT	-0.444	1.1	0.843	-0.466	0.829
CTACT	1.396	0.312	0.015	0.444	-0.16
CAGAG	0.977	-0.602	1.462	0.128	1.149
TCTAT	-0.081	-0.355	-0.428	-0.291	0.688
CGGCA	1.248	0.302	1.28	0.989	-0.615
TACAT	1.279	-0.024	1.333	-0.324	0.842
GACAA	0.527	-0.138	0.845	-0.767	0.115
ACCCC	-0.265	0.628	-0.04	0.116	0.57
CCGCT	0.157	-0.053	0.405	1.896	0.035
GACAC	0.366	0.593	1.302	-0.151	1.4
GATAA	0.97	-0.33	0.455	-0.642	-0.479
ACCCT	0.831	1.035	0.003	0.24	0.718
GGTAT	0.528	0.756	0.027	-0.725	0.562
CAATA	0.845	-0.767	0.115	0.726	-0.617
GCAAA	1.351	1.162	-0.473	0.186	-0.013
CGGGT	-0.441	-0.343	0.905	0.97	0.114
CCAGT	0.14	0.095	-0.355	1.879	1.177
GGTCA	0.968	2.229	1.369	0.729	-0.086
CGGTA	0.791	0.682	1.295	0.679	-0.355
TAGCT	-0.303	-0.881	0.479	0.488	-0.127
GGCAT	1.137	1.132	1.042	-0.431	0.987
GTTAT	0.971	0.33	-0.16	-0.611	0.383
GAAAT	1.136	0.288	0.198	-0.559	-0.758
TGAAG	-0.055	0.697	-0.285	-0.186	0.511
TCGCA	-0.28	-0.051	0.753	1.448	-0.502
CAGAT	0.702	-0.547	1.486	0.283	0.433
GAGTC	0.641	0.992	1.311	0.333	-0.076
GTTCT	0.593	0.869	0.023	-0.186	-0.318
AGTGT	-0.955	0.546	0.559	0.498	0.861
CTCTT	-0.62	-0.502	0.195	0.413	0.401
CCCAT	-0.207	-0.405	0.252	0.017	1.626
GATCT	0.899	0.291	0.681	-0.091	-0.432
GCACC	0.546	1.303	-0.509	0.708	-0.671
TGCGT	-0.342	0.734	1.296	1.078	2.776
TGTTA	0.902	0.82	1.668	0.345	-0.347
CCTAG	0.003	0.24	0.718	0.126	1.44
AAGGA	-0.072	-0.713	-0.387	-0.055	-0.323
GGAAC	0.492	0.875	0.247	0.104	-0.158
GTTTG	0.695	1.897	0.356	-0.205	-0.036
TAAAG	0.98	0.089	0.218	0.002	0.331
TTGTG	1.701	-0.118	0.59	0.902	0.82
ATAGG	-0.096	0.736	-0.754	0.438	0.978
GATGT	1.126	0.607	0.879	0.678	0.706
TTCCT	1.695	0.819	-0.134	-0.09	0.829
GGCTG	0.543	1.234	1.25	0.042	0.268
ACTCA	0.59	-0.073	-1.128	0.089	-0.484
TTTGG	1.897	0.356	-0.205	-0.036	1.405
GTAAC	-0.037	1.287	-0.187	0.515	0.457
TTACA	-0.949	-0.186	-0.265	1.101	-0.552
TGACG	-0.19	0.359	0.316	0.535	0.58
CCTTT	0.544	-0.027	0.067	0.38	0.005
TATAA	0.887	0.553	1.77	-0.142	-0.054
GGTGA	0.476	2.263	1.433	0.716	0.425
AGTGA	-0.097	0.208	-0.19	0.359	0.316
AGAAT	-0.321	1.366	0.02	-0.119	0.228
AGATC	-0.547	1.486	0.283	0.433	0.077
GGTCC	2.083	1.684	0.432	0.36	0.023
CCTAC	0.314	-0.486	-0.06	0.166	1.344
GCCAA	0.998	0.207	-0.157	-0.216	0.402
GGAGG	0.387	1.127	0.237	0.944	1.754
AAAGG	0.356	-0.072	-0.713	-0.387	-0.055
GTGTG	0.536	1.698	0.659	1.042	0.141
AGCAG	-0.162	1.625	0.977	-0.602	1.462
GTATC	1.1	0.843	-0.466	0.829	0.132
GTACC	0.85	2.092	0.303	1.272	0.152
CCACA	1.144	0.574	0.07	1.716	-0.179
GGACC	0.635	0.942	0.412	0.429	0.139
TTCGG	0.203	-0.356	-0.283	0.251	1.862
CTTGG	1.072	-0.019	0.308	0.522	1.063
AACTG	0.247	0.104	-0.158	-0.563	0.193
TCCTC	0.653	-0.054	-0.251	0.109	0.848
GGCGG	0.299	0.666	0.595	-0.336	1.173
GCGCG	0.536	0.595	0.556	1.688	0.789
GTGCA	0.898	2.204	1.026	1.602	-0.151
TTAAC	-0.207	-0.481	-0.854	-0.006	0.536
TCGCC	1.033	0.076	0.69	0.722	0.061
GAGGC	0.466	-0.179	0.511	0.536	0.595
GGGCT	0.396	0.725	0.817	1.072	-0.019
GCTCG	0.978	0.819	0.202	0.573	0.543
TAATT	-0.12	-0.615	-0.031	0.114	-0.741
GTTTA	1.405	0.928	-0.022	0.011	-0.745
CGCAT	1.078	0.829	1.516	-0.185	1.033
TGGGG	0.114	-0.609	0.462	0.528	0.756
TAGTG	0.22	-0.955	0.546	0.559	0.498
GATTG	0.918	-0.021	0.084	-0.722	-0.132
ACGAT	-0.708	0.483	1.233	0.671	1.194
ACGGG	0.131	0.634	0.597	0.893	1.136
GATCC	0.675	0.748	0.653	-0.054	-0.251
GGATG	0.087	1.27	0.176	0.545	-0.154
TGACA	-0.563	0.193	0.33	1.185	0.367
CGCGA	0.878	0.72	1.36	0.89	0.674
TTTTG	-0.39	0.345	0.188	-0.245	0.59
AATGA	0.198	-0.559	-0.758	-0.307	-0.387
CCCGA	1.405	0.39	0.212	1.211	0.831
GCGAT	1.511	1.313	0.914	0.885	0.733
TCATT	1.11	0.61	-0.034	1.665	0.114
ATACC	-0.609	1.809	-0.265	0.628	-0.04
GCACA	0.369	-0.009	-0.657	0.944	-0.162
CACAT	-0.999	-0.795	1.47	-0.058	1.254
ATCGG	-0.13	0.275	-0.375	0.087	1.27
CTTAT	-0.271	-0.118	0.601	-0.096	0.736
TCGGC	0.202	0.573	0.543	1.234	1.25
ACTCG	0.674	0.674	-0.28	-0.051	0.753
ACAAT	-0.138	0.845	-0.767	0.115	0.726
TCGGT	-0.356	-0.283	0.251	1.862	0.996
ATATC	-0.765	1.217	-0.18	0.436	0.06
GGCAG	0.334	0.99	0.821	-0.355	1.833
TGTGT	-0.118	0.59	0.902	0.82	1.668
TTCCC	0.114	-0.321	-0.38	-0.253	0.349
GAACC	0.299	0.631	0.082	0.314	-0.486
TGCCA	-0.275	0.844	1.35	0.116	-0.469
AAGAG	0.523	0.119	0.725	-0.321	1.366
GGCGC	0.511	0.536	0.595	0.556	1.688
GTAAT	1.295	0.679	-0.355	-0.001	0.79
AGGGT	-0.655	0.632	0.608	0.683	-0.232
GTCCA	1.879	1.177	0.569	0.462	0.115
ATATG	0.127	0.641	-0.613	0.393	0.899
CGGTG	1.764	0.476	2.263	1.433	0.716
GATGC	0.914	0.885	0.733	0.523	0.722
GTAGA	0.461	1.285	-0.04	1.086	0.292
TAGAG	0.431	-0.498	0.466	-0.179	0.511
CGACG	-0.745	0.308	0.229	0.878	0.72
TCACA	-1.536	-0.999	-0.795	1.47	-0.058
CACTG	0.989	-0.615	1.091	-0.275	0.844
AGGAC	-0.713	-0.387	-0.055	-0.323	0.585
TCTAG	0.401	0.236	-0.303	-0.655	0.632
CTGCG	1.489	-0.315	1.287	1.669	0.641
GTTCG	1.273	0.203	-0.356	-0.283	0.251
CCTCG	-0.503	-0.111	0.46	0.618	1.062
GGTTC	0.92	1.273	0.203	-0.356	-0.283
GCCCC	0.478	0.851	-0.374	-0.263	-0.087
GCGGT	1.049	1.764	0.476	2.263	1.433
CTCTC	0.444	-0.16	0.2	-0.053	0.41
ATTGT	-0.186	0.917	0.138	0.579	0.824
GGTAG	0.319	1.801	0.709	-0.3	1.199
GGCGA	-0.441	1.511	1.313	0.914	0.885
TGCGC	0.733	0.523	0.722	0.313	1.489
CTCCT	1.896	0.035	0.385	0.13	0.07
AGACT	0.197	1.21	0.003	0.426	-0.562
GAGGA	0.215	-0.044	0.757	1.065	-0.13
GCAAT	1.038	1.565	1.022	0.601	1.294
TGATG	-0.432	1.126	0.607	0.879	0.678
AAATC	-0.128	-0.571	-1.36	-1.536	-0.999
CTGTA	1.165	0.334	1.135	1.047	-0.272
ACGCG	0.229	0.878	0.72	1.36	0.89
GCGTC	0.884	1.536	0.653	1.484	0.473
AGAGT	0.5	0.919	0.324	0.595	0.597
TGTTT	-0.245	0.59	0.829	-0.187	-0.713
ACAAG	0.166	1.344	-0.558	0.072	0.527
TTATA	-0.118	0.601	-0.096	0.736	-0.754
CGCGC	0.357	-0.068	1.203	0.071	1.396
TACCT	2.092	0.303	1.272	0.152	0.17
ACCAA	-0.717	-0.51	-0.662	-0.14	0.749
GCTAG	0.718	1.324	0.293	0.245	1.459
ATTGC	-0.697	0.948	0.09	0.382	2.025
TTCAT	2.522	1.11	0.61	-0.034	1.665
GACTC	0.89	0.674	0.674	-0.28	-0.051
CCAGC	-0.101	0.736	0.157	2.154	0.889
TCTCT	-0.208	-0.62	-0.502	0.195	0.413
AGGAT	-0.044	0.757	1.065	-0.13	0.275
ATAGC	-0.556	0.971	-0.325	0.998	0.207
CTCAG	0.2	-0.053	0.41	-0.52	1.017
AGCCG	0.157	2.154	0.889	0.185	1.269
TGATA	-1.452	-0.014	0.138	0.914	-0.444
CTTTC	-0.027	0.067	0.38	0.005	-0.27
CGTCA	0.864	1.131	1.479	0.846	0.128
GATAC	1.233	0.671	1.194	-0.489	0.42
AACAC	-0.428	0.285	0.984	-0.662	1.47
GACTA	1.21	0.003	0.426	-0.562	-0.633
CCCCC	0.046	-0.442	-0.217	-0.102	-0.076
CATCC	0.252	0.017	1.626	0.368	0.075
GTCAA	1.162	0.16	0.448	-0.23	0.513
ACAAC	-0.662	1.47	-0.136	0.637	0.987
TTACT	-0.741	-0.9	-0.725	0.062	-0.038
TCATC	-0.075	0.593	-0.074	1.016	0.035
TCCAT	1.177	0.569	0.462	0.115	1.695
GCCTG	0.636	1.239	-0.133	-0.161	0.748
AAAAC	0.188	-0.309	-0.894	-1.449	-0.967
CCGGA	0.477	0.437	0.635	0.942	0.412
TTAGC	0.64	-0.303	-0.881	0.479	0.488
TTTCA	0.067	0.38	0.005	-0.27	-0.605
CCAAA	-0.51	-0.662	-0.14	0.749	0.07
CGACC	0.212	1.211	0.831	1.035	0.003
GAGCC	1.269	0.275	1.373	0.495	0.34
GAACG	-0.307	-0.387	-0.01	0.569	0.492
ACTAT	-0.489	0.42	0.033	-0.074	1.749
CGAAA	0.293	-0.038	0.298	0.26	-0.578
TACGG	0.043	-0.719	0.791	0.682	1.295
GATCA	1.486	0.283	0.433	0.077	-0.765
GGGGA	1.173	0.979	0.778	0.426	-0.423
CAGCT	0.41	-0.52	1.017	0.687	-0.075
CATTT	0.61	-0.034	1.665	0.114	-0.321
CCCGT	-0.38	-0.253	0.349	1.383	2.176
TGGGC	0.042	0.268	0.937	0.927	1.132
TCCTT	1.192	0.544	-0.027	0.067	0.38
AAGTT	-0.272	0.302	0.759	-0.432	-0.607
AAGAA	-0.054	-0.57	0.334	-0.801	-0.903
CGTCG	1.536	0.653	1.484	0.473	1.254
AACGT	-0.854	-0.006	0.536	-0.037	1.287
CCGTA	0.936	0.126	0.85	2.092	0.303
ACCAT	0.156	0.775	-0.078	-0.609	1.809
AACGG	-0.387	-0.01	0.569	0.492	0.875
TCACC	-1.128	0.089	-0.484	0.526	-0.371
GCTGC	0.313	1.489	-0.315	1.287	1.669
CGTAC	0.126	0.85	2.092	0.303	1.272
TTGTT	0.188	-0.245	0.59	0.829	-0.187
CATAC	-0.078	-0.609	1.809	-0.265	0.628
TGTGC	0.164	0.968	1.114	1.229	1.535
CGTTG	1.296	1.078	2.776	0.546	0.607
TTAAA	0.755	0.98	0.089	0.218	0.002
CAATT	0.722	-0.363	0.12	0.229	-0.681
AGAGC	-0.602	1.462	0.128	1.149	0.411
GCCAG	0.404	0.595	-0.291	-0.871	1.28
ACTGC	-0.615	1.091	-0.275	0.844	1.35
GAGTT	0.716	0.425	1.357	1.205	-0.342
GTCGA	0.653	1.484	0.473	1.254	1.22
CCGTG	1.213	-0.271	0.898	2.204	1.026
TATTG	1.357	-0.186	0.917	0.138	0.579
GATAT	0.73	0.127	0.641	-0.613	0.393
GTGGA	0.769	1.691	0.387	1.127	0.237
TTTCC	1.665	0.114	-0.321	-0.38	-0.253
TTCTT	-0.169	-0.395	-1.069	-0.39	0.345
TGATT	0.706	1.294	0.738	0.622	-0.352
AATTC	-0.363	0.12	0.229	-0.681	-0.58
CGGAG	0.014	-0.167	1.024	0.171	0.752
GTTCA	1.338	2.522	1.11	0.61	-0.034
CACAG	-0.009	-0.657	0.944	-0.162	1.625
TCTCC	1.016	0.035	-0.215	0.215	0.054
TGGTT	-0.205	-0.036	1.405	0.928	-0.022
GTCTC	1.459	0.831	0.366	0.336	0.884
TGAGT	1.433	0.716	0.425	1.357	1.205
ATACG	-1.027	-0.065	-0.708	0.483	1.233
TAGAA	0.718	0.126	1.44	0.523	0.119
CCCAC	-0.04	0.116	0.57	0.307	1.405
TCGTC	0.336	0.884	1.197	1.708	0.765
CGGCG	1.096	-0.441	1.511	1.313	0.914
CAAGT	0.929	-0.139	0.576	1.162	0.16
GGTTG	0.251	1.862	0.996	-0.127	-0.098
GACGG	0.104	0.131	0.634	0.597	0.893
TAATG	0.679	-0.355	-0.001	0.79	0.148
AGTAA	0.002	0.331	-0.315	-0.438	0.07
TTTCG	1.008	-0.514	-0.25	-0.535	0.695
AACCG	0.021	0.843	0.883	-0.159	0.299
ACATA	0.104	0.482	-0.882	1.007	-0.101
CTACC	-0.337	-0.86	-0.202	0.421	0.135
GTAAG	1.135	1.047	-0.272	0.302	0.759
GCCAC	0.411	0.941	-0.053	-0.072	0.648
GGGGC	-0.004	0.273	0.299	0.666	0.595
AGGTG	0.237	0.944	1.754	0.741	1.049
TGTAT	0.67	0.622	1.357	-0.186	0.917
GGCTC	0.438	0.978	0.819	0.202	0.573
ACATG	0.33	1.185	0.367	0.644	1.118
ATGAC	0.367	0.644	1.118	0.128	0.477
GGTGG	0.905	0.97	0.114	-0.609	0.462
AGTTG	0.425	1.357	1.205	-0.342	0.734
CGACT	1.36	0.89	0.674	0.674	-0.28
GGAGA	0.42	0.796	-0.145	0.973	-0.247
TGTCC	-0.161	0.748	1.192	0.544	-0.027
TTGCT	0.482	0.288	0.718	1.324	0.293
TTAGT	1.668	0.345	-0.347	1.26	1.008
GTATT	0.622	1.357	-0.186	0.917	0.138
AGCAA	-0.633	1.351	1.162	-0.473	0.186
ATTTG	-0.809	-0.612	-1.448	-1.452	-0.014
CTAGG	0.236	-0.303	-0.655	0.632	0.608
GCTTT	1.229	1.535	0.397	0.482	0.288
ATGGG	0.176	0.545	-0.154	0.464	0.918
TACAC	0.726	-0.617	0.532	-0.458	1.144
GTTGC	1.357	1.205	-0.342	0.734	1.296
AGTCG	0.992	1.311	0.333	-0.076	0.884
AGAAC	-0.87	1.484	0.486	0.104	0.482
TTCTG	0.869	0.023	-0.186	-0.318	1.311
CATCG	1.516	-0.185	1.033	0.076	0.69
CACTC	-0.053	-0.072	0.648	-0.464	0.046
CACTT	0.846	0.128	1.177	0.636	0.178
GATAG	-0.014	0.138	0.914	-0.444	1.1
AATGC	-0.405	-0.917	-0.917	-0.451	0.392
TCTTT	-0.395	-1.069	-0.39	0.345	0.188
TAGGA	-1.02	-1.472	0.304	0.829	-0.177
CAATG	1.565	1.022	0.601	1.294	0.625
TTCGC	0.734	-0.146	-0.429	0.523	1.212
TCTGG	0.102	-0.064	-0.344	0.319	1.801
TTGTC	0.917	0.138	0.579	0.824	0.074
TGAAA	0.07	0.647	0.356	-0.072	-0.713
AGCAC	-0.013	0.369	-0.009	-0.657	0.944
TCATG	1.369	0.729	-0.086	1.973	0.979
CCATA	0.775	-0.078	-0.609	1.809	-0.265
TGTAG	0.503	0.625	1.428	-0.34	0.92
TTGGG	0.996	-0.127	-0.098	1.13	1.312
ATCTA	0.392	0.477	-0.822	-0.898	-0.456
ATAAT	-0.33	0.455	-0.642	-0.479	0.214
TTTCT	-0.295	-0.987	-0.895	-1.145	-0.401
GGCTT	0.725	0.817	1.072	-0.019	0.308
TTTAG	-0.713	-1.079	-1.02	-1.472	0.304
ACACT	0.593	1.302	-0.151	1.4	0.435
GACGC	0.308	0.229	0.878	0.72	1.36
CCCCG	-0.442	-0.217	-0.102	-0.076	0.478
CGATT	0.473	1.254	1.22	0.734	-0.146
ATCGT	-0.466	0.829	0.132	0.385	1.548
CTATT	-0.355	-0.428	-0.291	0.688	-0.208
CGTTC	0.153	1.338	2.522	1.11	0.61
AATAA	-0.889	-1.592	-1.127	-1.364	-0.746
GCCTC	0.071	1.396	0.224	0.366	0.689
AGGGA	-0.871	1.28	0.773	0.721	0.062
GGCCT	0.547	1.161	0.837	-0.486	-0.619
AACAG	-0.136	0.637	0.987	-0.87	1.484
TTAGA	-0.127	0.431	-0.498	0.466	-0.179
TAAGG	0.206	-0.452	-0.047	0.555	0.789
CGTAT	0.132	0.385	1.548	0.329	1.455
GACGA	0.846	-0.086	0.509	0.524	0.197
AGCCA	-0.325	0.998	0.207	-0.157	-0.216
TATCA	0.033	-0.074	1.749	0.709	0.142
CACCG	0.089	-0.484	0.526	-0.371	0.546
GCTTC	0.523	1.212	0.094	0.461	0.157
TTCGT	-0.514	-0.25	-0.535	0.695	1.897
ATACA	0.115	0.726	-0.617	0.532	-0.458
TTATT	-0.022	0.011	-0.745	0.19	-0.295
CCATC	-0.405	0.252	0.017	1.626	0.368
ACGCA	0.48	0.626	0.041	1.134	-0.37
CTGAG	0.682	-0.465	0.92	0.5	0.919
CCTTG	0.837	-0.486	-0.619	-0.326	0.636
GTCTA	1.197	1.708	0.765	0.595	0.279
GGAAT	0.304	0.829	-0.177	-0.531	0.142
CAACA	1.47	-0.136	0.637	0.987	-0.87
TCATA	0.433	0.077	-0.765	1.217	-0.18
CGCGG	0.076	0.257	1.096	-0.441	1.511
CAGTC	0.095	-0.355	1.879	1.177	0.569
AGTTA	0.302	0.759	-0.432	-0.607	-0.379
CTACG	-0.822	-0.898	-0.456	0.528	0.176
TTGGA	0.084	-0.722	-0.132	0.73	0.127
CGCTG	0.722	0.313	1.489	-0.315	1.287
TCAGG	0.005	-0.27	-0.605	0.925	0.613
TGCAG	0.09	0.382	2.025	-0.45	2.083
AACCT	0.631	0.082	0.314	-0.486	-0.06
AATCA	-0.571	-1.36	-1.536	-0.999	-0.795
TTTTT	0.829	-0.187	-0.713	-1.079	-1.02
ACAGA	0.637	0.987	-0.87	1.484	0.486
AGGAA	-1.472	0.304	0.829	-0.177	-0.531
ATTAT	-0.241	0.46	-0.077	-0.672	0.36
CATCT	0.593	-0.074	1.016	0.035	-0.215
AGACG	-0.822	0.846	-0.086	0.509	0.524
TCCCC	-0.464	0.046	-0.442	-0.217	-0.102
CGCTC	-0.053	0.405	1.896	0.035	0.385
GGACT	-0.134	0.688	-0.156	0.51	-0.294
ACCCA	-0.669	-0.568	-0.93	0.37	0.021
TGTGA	0.879	0.678	0.706	1.294	0.738
TACTT	-0.9	-0.725	0.062	-0.038	0.476
GGTAA	0.682	1.295	0.679	-0.355	-0.001
GATGG	1.27	0.176	0.545	-0.154	0.464
CAGCC	0.736	0.157	2.154	0.889	0.185
CTTTA	0.062	-0.038	0.476	0.206	-0.452
TGTCA	1.973	0.979	1.053	0.727	-0.058
GTGCC	1.833	1.104	0.906	1.213	-0.271
GCTCC	0.405	1.896	0.035	0.385	0.13
AAAGT	0.089	0.218	0.002	0.331	-0.315
GTTTT	0.59	0.829	-0.187	-0.713	-1.079
AAGAT	-0.142	-0.054	0.97	-0.33	0.455
ACGGA	-0.01	0.569	0.492	0.875	0.247
AGCCC	0.402	0.824	0.074	-0.328	-0.156
CCACC	0.116	0.57	0.307	1.405	0.39
CTTCT	0.195	0.413	0.401	0.236	-0.303
GCAGC	0.753	1.448	-0.502	1.507	1.078
GTCGG	0.683	-0.232	-0.441	-0.343	0.905
ACAGC	-0.657	0.944	-0.162	1.625	0.977
CTCCG	0.279	-0.818	0.157	-0.053	0.405
GAGAA	0.725	-0.321	1.366	0.02	-0.119
CTTTG	1.535	0.397	0.482	0.288	0.718
CTAGA	0.24	0.718	0.126	1.44	0.523
CCCAG	-0.138	-0.101	0.736	0.157	2.154
TTTGA	-0.612	-1.448	-1.452	-0.014	0.138
GAGGT	1.127	0.237	0.944	1.754	0.741
ATGCG	0.885	0.733	0.523	0.722	0.313
CTTAA	0.426	0.755	0.98	0.089	0.218
AACAT	0.486	0.104	0.482	-0.882	1.007
GCTTG	0.817	1.072	-0.019	0.308	0.522
CGGAC	0.437	0.635	0.942	0.412	0.429
GCCGA	2.154	0.889	0.185	1.269	0.275
TCGTG	0.861	0.218	0.536	1.698	0.659
ATAAG	0.553	1.77	-0.142	-0.054	0.97
TGGTC	0.562	0.223	1.12	0.102	-0.064
TTGGT	0.356	-0.205	-0.036	1.405	0.928
CGAAC	-0.159	0.299	0.631	0.082	0.314
GATGA	0.973	-0.247	0.429	0.399	-0.056
GAAGT	1.335	0.262	-0.097	0.208	-0.19
ACTAA	-0.578	-0.596	-1.097	-0.428	0.285
ATTTA	-0.031	0.114	-0.741	-0.9	-0.725
CATGG	1.042	-0.431	0.987	0.334	0.99
AAATG	0.288	0.198	-0.559	-0.758	-0.307
ATGAT	-0.613	0.393	0.899	0.291	0.681
TAAAC	-1.127	-1.364	-0.746	-0.717	-0.51
GTCCT	0.748	1.192	0.544	-0.027	0.067
TAAAT	-0.315	-0.438	0.07	-0.248	-0.565
CGTGC	-0.271	0.898	2.204	1.026	1.602
GGTCG	0.608	0.683	-0.232	-0.441	-0.343
ACCTA	0.082	0.314	-0.486	-0.06	0.166
AAGAC	-0.558	0.072	0.527	-0.138	0.845
AGATG	-0.145	0.973	-0.247	0.429	0.399
GTAGT	1.801	0.709	-0.3	1.199	0.686
TACGC	-0.898	-0.456	0.528	0.176	1.396
CCTCC	0.708	-0.671	-0.506	0.231	0.002
GGGGG	-0.336	1.173	0.979	0.778	0.426
CAGGT	2.025	-0.45	2.083	1.684	0.432
CTAAC	-0.596	-1.097	-0.428	0.285	0.984
CGGTT	-0.283	0.251	1.862	0.996	-0.127
AATAG	0.02	-0.119	0.228	-0.831	1.061
TGGCA	0.987	0.334	0.99	0.821	-0.355
TGGAA	-0.294	0.575	1.335	0.262	-0.097
CCCCA	0.628	-0.04	0.116	0.57	0.307
CGGGG	0.595	-0.336	1.173	0.979	0.778
CGAGT	1.669	0.641	0.992	1.311	0.333
CAGAA	0.987	-0.87	1.484	0.486	0.104
GTTAC	0.759	-0.432	-0.607	-0.379	0.477
GGGTA	0.462	0.528	0.756	0.027	-0.725
GTGCG	1.754	0.741	1.049	1.764	0.476
ATTCG	1.22	0.734	-0.146	-0.429	0.523
GGGCC	0.555	0.789	0.162	0.147	-0.653
GTCAC	1.131	1.479	0.846	0.128	1.177
AAACC	-1.364	-0.746	-0.717	-0.51	-0.662
GTACT	0.148	0.426	-0.235	1.165	0.334
GCGCA	1.507	1.078	0.829	1.516	-0.185
CGGAT	-0.375	0.087	1.27	0.176	0.545
GGGCA	0.227	1.137	1.132	1.042	-0.431
TCTTA	0.36	-0.271	-0.118	0.601	-0.096
GAATC	0.846	0.656	0.289	-0.027	-0.745
CCCTC	0.189	-0.503	-0.111	0.46	0.618
CATGC	0.116	-0.469	1.891	0.466	0.926
GGGAA	0.597	0.893	1.136	0.288	0.198
TTCCG	1.422	0.212	0.143	0.153	1.338
CTATG	1.43	0.125	-0.109	1.177	0.726
AATAT	-0.642	-0.479	0.214	-1.027	-0.065
CCGGC	-0.183	-0.153	0.511	1.633	0.959
GCATA	1.149	0.411	-0.556	0.971	-0.325
TGATC	0.393	0.899	0.291	0.681	-0.091
CCGCC	-0.102	-0.076	0.478	0.851	-0.374
ACCCG	0.307	1.405	0.39	0.212	1.211
GGGTC	0.632	0.608	0.683	-0.232	-0.441
TTATG	0.33	-0.16	-0.611	0.383	0.593
TATCG	0.843	-0.466	0.829	0.132	0.385
TGGAG	1.691	0.387	1.127	0.237	0.944
GCCTT	1.161	0.837	-0.486	-0.619	-0.326
TCGAA	0.46	0.618	1.062	0.587	0.369
TGCTA	0.288	0.718	1.324	0.293	0.245
CCAAT	0.06	-0.008	-0.228	0.777	0.407
CTCCC	0.648	-0.464	0.046	-0.442	-0.217
CCATT	0.569	0.462	0.115	1.695	0.819
CGTGA	0.535	0.58	1.39	1.213	0.555
GTCTG	1.12	0.102	-0.064	-0.344	0.319
CGAAT	0.59	0.846	0.656	0.289	-0.027
CTCAA	-0.251	0.109	0.848	0.22	0.84
TGCAT	2.204	1.026	1.602	-0.151	1.494
CCTTC	1.272	0.152	0.17	0.747	0.929
GCATG	1.132	1.042	-0.431	0.987	0.334
CTGTC	-0.133	-0.161	0.748	1.192	0.544
CGGGC	-0.653	0.227	1.137	1.132	1.042
CTCTA	0.224	0.366	0.689	0.412	0
GCGGC	0.257	1.096	-0.441	1.511	1.313
GAGCT	0.399	-0.056	0.768	0.682	-0.465
CAGTT	0.727	-0.058	2.054	1.422	0.212
GAAGC	1.062	0.587	0.369	0.696	0.59
CATAG	0.411	-0.556	0.971	-0.325	0.998
AGATA	-0.054	0.97	-0.33	0.455	-0.642
CGAGG	0.157	0.49	0.512	0.815	1.006
TTTAA	-0.038	0.476	0.206	-0.452	-0.047
ACTTA	0.515	0.457	-0.949	-0.186	-0.265
TGAAC	-0.758	-0.307	-0.387	-0.01	0.569
ATAAA	-1.592	-1.127	-1.364	-0.746	-0.717
AGTGC	-0.355	1.833	1.104	0.906	1.213
ACTGT	-0.235	1.165	0.334	1.135	1.047
TTCAA	0.17	0.747	0.929	-0.139	0.576
TACTC	0.312	0.015	0.444	-0.16	0.2
ATCAC	-1.36	-1.536	-0.999	-0.795	1.47
TTAGG	-1.079	-1.02	-1.472	0.304	0.829
TACCA	-0.86	-0.202	0.421	0.135	-0.56
TCCCA	0.407	-0.207	-0.405	0.252	0.017
ATGTA	-0.001	0.79	0.148	0.426	-0.235
TCACG	-0.681	-0.58	-0.71	0.864	1.131
TTTGT	0.345	0.188	-0.245	0.59	0.829
CGAGA	0.509	0.524	0.197	1.21	0.003
CTGCC	1.091	-0.275	0.844	1.35	0.116
GTAAA	0.331	-0.315	-0.438	0.07	-0.248
CGGAA	0.569	0.492	0.875	0.247	0.104
CGCAA	0.626	0.041	1.134	-0.37	0.59
TTGGC	-0.019	0.308	0.522	1.063	1.43
GCTCA	1.017	0.687	-0.075	0.593	-0.074
ATTTC	-0.034	1.665	0.114	-0.321	-0.38
ACCTG	0.412	0.429	0.139	0.159	1.038
ATTCC	0.115	1.695	0.819	-0.134	-0.09
CGAAG	0.618	1.062	0.587	0.369	0.696
AGCGT	-0.469	1.273	1.308	0.461	1.285
GGCAC	0.302	1.28	0.989	-0.615	1.091
TCGTA	0.829	0.132	0.385	1.548	0.329
GTTGA	0.171	0.094	-0.541	0.215	-0.044
ACGCC	-0.414	1.249	0.411	0.941	-0.053
TGCGA	-0.315	1.287	1.669	0.641	0.992
TGCAC	-0.917	-0.451	0.392	-0.936	1.248
GCGAC	0.72	1.36	0.89	0.674	0.674
CCGGT	0.36	0.023	0.968	2.229	1.369
CAACT	1.134	-0.37	0.59	-0.073	-1.128
ATGGC	-0.431	0.987	0.334	0.99	0.821
CATGA	1.185	0.367	0.644	1.118	0.128
TCCGC	-0.818	0.157	-0.053	0.405	1.896
TTACG	-0.432	-0.607	-0.379	0.477	1.248
ACTCC	-0.072	0.648	-0.464	0.046	-0.442
TAGTA	0.914	-0.444	1.1	0.843	-0.466
AGCTA	0.225	0.585	0.496	-0.195	0.18
AGATT	-0.04	1.086	0.292	0.64	-0.303
CCTGG	-0.228	-0.029	-0.312	0.547	1.161
CTTAG	0.488	-0.127	0.431	-0.498	0.466
ATCTC	-0.074	1.016	0.035	-0.215	0.215
GGAAG	0.575	1.335	0.262	-0.097	0.208
CGATC	0.075	0.675	0.748	0.653	-0.054
CCACT	0.941	-0.053	-0.072	0.648	-0.464
ATTAC	-0.324	0.842	0.382	-0.296	0.936
TACTA	1.194	-0.489	0.42	0.033	-0.074
GTCAG	0.979	1.053	0.727	-0.058	2.054
GTACA	1.669	1.279	-0.024	1.333	-0.324
TATGG	0.027	-0.725	0.562	0.223	1.12
GAGTA	0.919	0.324	0.595	0.597	-0.469
AGCGG	-0.369	0.319	0.014	-0.167	1.024
AAGCA	0.186	-0.013	0.369	-0.009	-0.657
CTGTG	1.757	0.164	0.968	1.114	1.229
GTAGC	0.595	0.597	-0.469	1.273	1.308
GGCAA	1.029	0.878	1.199	-0.733	-0.009
GCATC	0.829	1.516	-0.185	1.033	0.076
CTCCA	-0.671	-0.506	0.231	0.002	-0.414
GCATT	1.026	1.602	-0.151	1.494	0.134
GACAT	0.193	0.33	1.185	0.367	0.644
TCGAT	1.484	0.473	1.254	1.22	0.734
TCAAG	0.747	0.929	-0.139	0.576	1.162
CCTAA	-0.134	-0.09	0.829	0.28	0.188
GGTCT	0.223	1.12	0.102	-0.064	-0.344
TCCTG	0.035	0.385	0.13	0.07	0.647
AAGGC	-0.733	-0.009	0.421	0.404	0.595
ACTAG	0.003	0.426	-0.562	-0.633	1.351
ATGTG	0.607	0.879	0.678	0.706	1.294
GAGTG	0.426	-0.423	1.025	0.626	0.244
TGCCT	-0.326	0.636	1.239	-0.133	-0.161
TACCC	1.809	-0.265	0.628	-0.04	0.116
AACGC	-0.577	0.48	0.626	0.041	1.134
ATGCC	-0.469	1.891	0.466	0.926	-0.183
GCTTA	0.479	0.488	-0.127	0.431	-0.498
GTTGT	1.311	1.701	-0.118	0.59	0.902
CAGCA	0.944	-0.162	1.625	0.977	-0.602
GTGGT	0.659	1.042	0.141	1.315	0.67
CCCTA	1.035	0.003	0.24	0.718	0.126
GCGTG	1.626	1.582	0.769	1.691	0.387
CGTAA	0.536	-0.037	1.287	-0.187	0.515
TCTGC	0.047	0.816	0.549	1.335	1.757
AACCC	-0.582	-0.669	-0.568	-0.93	0.37
GTGTC	0.546	0.559	0.498	0.861	0.218
TAGCC	0.971	-0.325	0.998	0.207	-0.157
GCAGT	0.99	0.821	-0.355	1.833	1.104
CCCGC	-0.217	-0.102	-0.076	0.478	0.851
ACTTC	0.128	1.177	0.636	0.178	0.14
GAACA	1.484	0.486	0.104	0.482	-0.882
CATTG	0.575	-0.697	0.948	0.09	0.382
GGCCG	0.789	0.162	0.147	-0.653	0.227
GCCGT	0.906	1.213	-0.271	0.898	2.204
AACTT	-0.187	0.515	0.457	-0.949	-0.186
TCCAG	0.178	0.14	0.095	-0.355	1.879
CCAAG	0.207	-0.157	-0.216	0.402	0.824
TAGTT	0.345	-0.347	1.26	1.008	-0.514
CAGTA	1.101	-0.552	1.669	1.279	-0.024
AACAA	-0.894	-1.449	-0.967	-1.201	-0.056
GGTTT	-0.036	1.405	0.928	-0.022	0.011
GAATA	1.366	0.02	-0.119	0.228	-0.831
CGCAG	-0.051	0.753	1.448	-0.502	1.507
ACAAA	-1.449	-0.967	-1.201	-0.056	-0.054
CCAGA	0.421	0.135	-0.56	1.794	0.156
GGGAT	-0.154	0.464	0.918	-0.021	0.084
TTCCA	0.636	0.178	0.14	0.095	-0.355
CTTCA	0.152	0.17	0.747	0.929	-0.139
TGGAC	0.142	-0.134	0.688	-0.156	0.51
ACGTG	0.316	0.535	0.58	1.39	1.213
GCCCA	0.688	-0.138	-0.101	0.736	0.157
AGTGG	-0.423	1.025	0.626	0.244	1.626
CCCAA	-0.568	-0.93	0.37	0.021	0.843
CACCA	0.532	-0.458	1.144	0.574	0.07
ATTGA	-0.897	-0.365	-1.044	0.561	0.053
GCTAT	1.063	1.43	0.125	-0.109	1.177
CCCCT	0.851	-0.374	-0.263	-0.087	-0.074
TTTAC	0.114	-0.741	-0.9	-0.725	0.062
TATTT	0.011	-0.745	0.19	-0.295	-0.987
GCTCT	0.726	1.196	0.047	0.816	0.549
GTACG	0.418	0.043	-0.719	0.791	0.682
ATTGG	-0.021	0.084	-0.722	-0.132	0.73
TGCCC	1.891	0.466	0.926	-0.183	-0.153
AAAAT	-0.126	-0.204	-0.889	-1.592	-1.127
CATCA	1.47	-0.058	1.254	0.702	-0.547
CAAGA	1.344	-0.558	0.072	0.527	-0.138
TACGA	-0.065	-0.708	0.483	1.233	0.671
CGTCC	0.57	-0.458	0.208	0.124	-0.228
TAACT	1.287	-0.187	0.515	0.457	-0.949
TTGAC	-0.365	-1.044	0.561	0.053	0.536
TAATC	-0.195	0.18	0.392	0.477	-0.822
ACATT	-0.024	1.333	-0.324	0.842	0.382
TGCTT	1.114	1.229	1.535	0.397	0.482
TTGAA	-0.348	-0.055	0.697	-0.285	-0.186
GATTC	1.254	1.22	0.734	-0.146	-0.429
ACGAA	0.07	0.293	-0.038	0.298	0.26
CTATA	0.34	0.887	0.553	1.77	-0.142
TATAT	1.548	0.329	1.455	-0.241	0.46
GAATG	0.829	-0.177	-0.531	0.142	-0.134
ACCGG	0.128	0.477	0.437	0.635	0.942
TGGGA	0.545	-0.154	0.464	0.918	-0.021
GTCGC	1.311	0.333	-0.076	0.884	1.536
CGTAG	1.308	0.461	1.285	-0.04	1.086
AGTCC	-0.355	1.879	1.177	0.569	0.462
CACAC	0.574	0.07	1.716	-0.179	1.245
ATAGT	0.138	0.914	-0.444	1.1	0.843
ATCTT	-0.672	0.36	-0.271	-0.118	0.601
GGAAA	0.893	1.136	0.288	0.198	-0.559
TTGAG	0.094	-0.541	0.215	-0.044	0.757
ATTCT	-0.291	0.688	-0.208	-0.62	-0.502
AACTC	-0.37	0.59	-0.073	-1.128	0.089
GGGCG	0.273	0.299	0.666	0.595	-0.336
TGAGA	-0.465	0.92	0.5	0.919	0.324
GTGTA	1.315	0.67	0.622	1.357	-0.186
GCTGT	1.335	1.757	0.164	0.968	1.114
GACTG	0.688	-0.156	0.51	-0.294	0.575
ACACC	-0.617	0.532	-0.458	1.144	0.574
TGTTC	0.383	0.593	0.869	0.023	-0.186
CGCAC	-0.371	0.546	1.303	-0.509	0.708
GTGAC	0.208	-0.19	0.359	0.316	0.535
AGGAG	-0.605	0.925	0.613	-0.369	0.319
GAGAC	0.524	0.197	1.21	0.003	0.426
TCACT	1.479	0.846	0.128	1.177	0.636
CAAGC	-0.157	-0.216	0.402	0.824	0.074
CCGCA	0.526	-0.371	0.546	1.303	-0.509
TGTGG	1.698	0.659	1.042	0.141	1.315
ATGTC	-0.086	1.973	0.979	1.053	0.727
GGTAC	0.511	0.418	0.043	-0.719	0.791
TGACC	0.644	1.118	0.128	0.477	0.437
TAAGC	0.412	0	0.225	0.585	0.496
GCTAC	0.176	1.396	0.312	0.015	0.444
AAAAA	0.28	0.188	-0.309	-0.894	-1.449
GGCGT	0.244	1.626	1.582	0.769	1.691
AGAAA	-0.276	0.852	-0.126	-0.204	-0.889
GCGAA	0.696	0.59	0.846	0.656	0.289
GGACG	0.773	0.721	0.062	0.554	-0.128
CTACA	-0.486	-0.06	0.166	1.344	-0.558
TCTAC	0.477	-0.822	-0.898	-0.456	0.528
TAGAC	0.088	-0.822	0.846	-0.086	0.509
GTATA	0.385	1.548	0.329	1.455	-0.241
ATCCG	0.017	1.626	0.368	0.075	0.675
CAACC	0.37	0.021	0.843	0.883	-0.159
CTGCT	0.816	0.549	1.335	1.757	0.164
ACGCT	-0.456	0.528	0.176	1.396	0.312
GCGCT	0.523	0.722	0.313	1.489	-0.315
CCGAT	0.368	0.075	0.675	0.748	0.653
ACGTC	-0.71	0.864	1.131	1.479	0.846
AAATT	-0.438	0.07	-0.248	-0.565	-0.94
AATTA	0.07	-0.248	-0.565	-0.94	-0.935
AAAGA	-0.056	-0.054	-0.57	0.334	-0.801
CCGAA	0.883	-0.159	0.299	0.631	0.082
AATAC	-0.767	0.115	0.726	-0.617	0.532
CAGTG	0.821	-0.355	1.833	1.104	0.906
AGCGC	-0.502	1.507	1.078	0.829	1.516
TGAGC	0.429	0.399	-0.056	0.768	0.682
TTCAG	0.38	0.005	-0.27	-0.605	0.925
CTTCC	1.177	0.636	0.178	0.14	0.095
CCTAT	0.495	0.34	0.887	0.553	1.77
AGCTC	-0.52	1.017	0.687	-0.075	0.593
AAACA	-0.309	-0.894	-1.449	-0.967	-1.201
TCAGA	1.254	0.702	-0.547	1.486	0.283
CGCTT	-0.429	0.523	1.212	0.094	0.461
CTGGA	0.51	-0.294	0.575	1.335	0.262
CAAAC	-0.662	-0.14	0.749	0.07	0.293
CACAA	0.984	-0.662	1.47	-0.136	0.637
AAAAG	-1.201	-0.056	-0.054	-0.57	0.334
GAGCA	1.462	0.128	1.149	0.411	-0.556
TAGGG	-0.303	-0.655	0.632	0.608	0.683
CAAAA	-0.967	-1.201	-0.056	-0.054	-0.57
TAACC	1.007	-0.101	0.023	0.267	-0.642
TAAGA	1.77	-0.142	-0.054	0.97	-0.33
GAAAA	0.852	-0.126	-0.204	-0.889	-1.592
AGCAT	0.128	1.149	0.411	-0.556	0.971
TTATC	0.46	-0.077	-0.672	0.36	-0.271
GTTAG	0.82	1.668	0.345	-0.347	1.26
CACGA	1.716	-0.179	1.245	0.366	0.593
CGCCG	0.076	0.69	0.722	0.061	1.258
CCGAC	0.39	0.212	1.211	0.831	1.035
GGGTG	-0.343	0.905	0.97	0.114	-0.609
GCGCC	-0.068	1.203	0.071	1.396	0.224
GCAGG	0.382	2.025	-0.45	2.083	1.684
AGACC	-0.56	1.794	0.156	0.775	-0.078
CTCGG	0.819	0.202	0.573	0.543	1.234
TATCT	-0.077	-0.672	0.36	-0.271	-0.118
CCAGG	0.595	-0.291	-0.871	1.28	0.773
CCGTT	0.143	0.153	1.338	2.522	1.11
ATCCT	0.748	0.653	-0.054	-0.251	0.109
GGATC	0.757	1.065	-0.13	0.275	-0.375
GGGTT	-0.098	1.13	1.312	0.809	-0.373
TATCC	1.217	-0.18	0.436	0.06	-0.008
AACTA	0.26	-0.578	-0.596	-1.097	-0.428
AGTTT	-0.347	1.26	1.008	-0.514	-0.25
ATCCC	0.777	0.407	-0.207	-0.405	0.252
GCGTA	1.273	1.308	0.461	1.285	-0.04
CGACA	1.245	0.366	0.593	1.302	-0.151
CAAAG	1.162	-0.473	0.186	-0.013	0.369
CGCTA	0.528	0.176	1.396	0.312	0.015
ACCAC	-0.458	1.144	0.574	0.07	1.716
TTCTA	0.413	0.401	0.236	-0.303	-0.655
AAGTA	0.218	0.002	0.331	-0.315	-0.438
AATTG	0.555	0.086	0.047	-1.107	-0.486
GCACT	1.28	0.989	-0.615	1.091	-0.275
ATCGA	0.289	-0.027	-0.745	0.308	0.229
AGAAG	0.126	1.44	0.523	0.119	0.725
AATTT	-0.615	-0.031	0.114	-0.741	-0.9
ATCAA	-0.074	1.749	0.709	0.142	0.556
TCTCA	-0.16	0.2	-0.053	0.41	-0.52
TCAGC	-0.053	0.41	-0.52	1.017	0.687
GGATT	0.464	0.918	-0.021	0.084	-0.722
TCAAT	0.16	0.448	-0.23	0.513	0.639
ATACT	0.671	1.194	-0.489	0.42	0.033
ATAAC	-0.882	1.007	-0.101	0.023	0.267
CGGGA	0.634	0.597	0.893	1.136	0.288
CCTCT	1.396	0.224	0.366	0.689	0.412
GGACA	-0.387	-0.055	-0.323	0.585	-1.131
AAAGC	-0.473	0.186	-0.013	0.369	-0.009
TCCGG	0.432	0.36	0.023	0.968	2.229
ACACG	0.07	1.716	-0.179	1.245	0.366
TGCAA	0.159	1.038	1.565	1.022	0.601
GCCGC	0.69	0.722	0.061	1.258	1.799
CCCGG	0.926	-0.183	-0.153	0.511	1.633
CTTAC	0.457	-0.949	-0.186	-0.265	1.101
CCGAG	0.889	0.185	1.269	0.275	1.373
CAAGG	1.199	-0.733	-0.009	0.421	0.404
ATGCA	-0.917	-0.917	-0.451	0.392	-0.936
TATAG	0.601	-0.096	0.736	-0.754	0.438
ACTCT	0.015	0.444	-0.16	0.2	-0.053
CGCCC	-0.076	0.478	0.851	-0.374	-0.263
TCGCT	-0.146	-0.429	0.523	1.212	0.094
ACTGA	0.104	-0.158	-0.563	0.193	0.33
TACGT	-0.607	-0.379	0.477	1.248	1.24
CCGGG	0.147	-0.653	0.227	1.137	1.132
CCTCA	-0.054	-0.251	0.109	0.848	0.22
TGAAT	1.39	1.213	0.555	0.086	0.047
GAATT	1.213	0.555	0.086	0.047	-1.107
CTGCA	0.139	0.159	1.038	1.565	1.022
TACAG	-0.186	-0.265	1.101	-0.552	1.669
GTTTC	1.26	1.008	-0.514	-0.25	-0.535
AACCA	-0.746	-0.717	-0.51	-0.662	-0.14
CTCGC	0.674	-0.28	-0.051	0.753	1.448
CTCAC	-0.073	-1.128	0.089	-0.484	0.526
CATTC	0.462	0.115	1.695	0.819	-0.134
ACTAC	-0.178	-0.337	-0.86	-0.202	0.421
GACCT	0.942	0.412	0.429	0.139	0.159
ACAGT	-0.265	1.101	-0.552	1.669	1.279
TGTCG	0.559	0.498	0.861	0.218	0.536
TAGAT	1.285	-0.04	1.086	0.292	0.64
CTCTG	1.196	0.047	0.816	0.549	1.335
ATGAA	-0.559	-0.758	-0.307	-0.387	-0.01
CCTGC	0.429	0.139	0.159	1.038	1.565
CTTGA	0.536	-0.348	-0.055	0.697	-0.285
GCTAA	0.585	0.496	-0.195	0.18	0.392
CGTTT	-0.535	0.695	1.897	0.356	-0.205
TTGAT	-1.448	-1.452	-0.014	0.138	0.914
TAACA	-1.097	-0.428	0.285	0.984	-0.662
CTGTT	-0.186	-0.318	1.311	1.701	-0.118
GCCGG	0.162	0.147	-0.653	0.227	1.137
TACCG	0.382	-0.296	0.936	0.126	0.85
TGAGG	-0.541	0.215	-0.044	0.757	1.065
AGGCG	-0.179	0.511	0.536	0.595	0.556
TCCGT	0.212	0.143	0.153	1.338	2.522
GTTCC	2.054	1.422	0.212	0.143	0.153
TCTCG	0.831	0.366	0.336	0.884	1.197
TAGGC	0.736	-0.754	0.438	0.978	0.819
TCTGA	0.681	-0.091	-0.432	1.126	0.607
ATCTG	0.291	0.681	-0.091	-0.432	1.126
GCCTA	1.373	0.495	0.34	0.887	0.553
TCCAA	0.436	0.06	-0.008	-0.228	0.777
ACAGG	-0.323	0.585	-1.131	1.029	0.878
GGTTA	0.326	0.971	0.33	-0.16	-0.611
TTTGC	0.397	0.482	0.288	0.718	1.324
AGCGA	0.369	0.696	0.59	0.846	0.656
GACCG	1.118	0.128	0.477	0.437	0.635
AAGGT	-0.285	-0.186	0.511	0.418	0.043
GTGGC	1.025	0.626	0.244	1.626	1.582
CCGTC	-0.253	0.349	1.383	2.176	0.471
AAACT	0.298	0.26	-0.578	-0.596	-1.097
ATATT	0.329	1.455	-0.241	0.46	-0.077
TGTAC	0.79	0.148	0.426	-0.235	1.165
TCAGT	1.053	0.727	-0.058	2.054	1.422
CACCC	0.57	0.307	1.405	0.39	0.212
ATATA	-0.479	0.214	-1.027	-0.065	-0.708
GATTT	1.294	0.738	0.622	-0.352	-1.224
CTAAG	0.689	0.412	0	0.225	0.585
CAACG	0.488	-0.577	0.48	0.626	0.041
CCGCG	0.722	0.061	1.258	1.799	0.958
GAAAC	-0.038	0.298	0.26	-0.578	-0.596
GACTT	0.561	0.053	0.536	-0.348	-0.055
ACGTT	-0.379	0.477	1.248	1.24	0.691
CTGGT	-0.064	-0.344	0.319	1.801	0.709
GTCTT	0.579	0.824	0.074	0.302	0.503
CCCTG	0.124	-0.228	-0.029	-0.312	0.547
TAATA	0.455	-0.642	-0.479	0.214	-1.027
TCCAC	-0.506	0.231	0.002	-0.414	1.249
AGGCA	-1.131	1.029	0.878	1.199	-0.733
ACTGG	-0.156	0.51	-0.294	0.575	1.335
TATGT	-0.16	-0.611	0.383	0.593	0.869
CTAGC	0.426	-0.562	-0.633	1.351	1.162
TTGCA	0.948	0.09	0.382	2.025	-0.45
TAGTC	0.293	0.245	1.459	0.831	0.366
CGTCT	0.884	1.197	1.708	0.765	0.595
TCGGG	-0.232	-0.441	-0.343	0.905	0.97
GTTGG	1.862	0.996	-0.127	-0.098	1.13
CTAGT	1.324	0.293	0.245	1.459	0.831
ATGGT	-0.725	0.562	0.223	1.12	0.102
GTCCG	1.684	0.432	0.36	0.023	0.968
TGACT	-1.044	0.561	0.053	0.536	-0.348
GTGGG	0.97	0.114	-0.609	0.462	0.528
TTACC	0.842	0.382	-0.296	0.936	0.126
GTGAA	0.58	1.39	1.213	0.555	0.086
GAAGA	1.44	0.523	0.119	0.725	-0.321
AAGCG	0.587	0.369	0.696	0.59	0.846
CACGC	0.002	-0.414	1.249	0.411	0.941
GATTA	1.086	0.292	0.64	-0.303	-0.881
TTTTC	0.19	-0.295	-0.987	-0.895	-1.145
ATAGA	-0.119	0.228	-0.831	1.061	-0.005
CACTA	1.302	-0.151	1.4	0.435	0.019
AGGTA	-0.186	0.511	0.418	0.043	-0.719
TCGAC	-0.027	-0.745	0.308	0.229	0.878
AGCCT	0.275	1.373	0.495	0.34	0.887
TATGC	0.125	-0.109	1.177	0.726	1.196
CGCCA	1.249	0.411	0.941	-0.053	-0.072
TAGGT	1.428	-0.34	0.92	1.273	0.203
CGAGC	0.185	1.269	0.275	1.373	0.495
TTGCC	-0.619	-0.326	0.636	1.239	-0.133
TCCTA	0.819	-0.134	-0.09	0.829	0.28
CATGT	0.729	-0.086	1.973	0.979	1.053
CTATC	0.42	0.033	-0.074	1.749	0.709
AGCTT	-0.881	0.479	0.488	-0.127	0.431
AAGCT	0	0.225	0.585	0.496	-0.195
GACCA	1.794	0.156	0.775	-0.078	-0.609
CGATG	1.313	0.914	0.885	0.733	0.523
GAGAG	0.92	0.5	0.919	0.324	0.595
CACGG	0.392	-0.936	1.248	0.302	1.28
ACGAG	-0.086	0.509	0.524	0.197	1.21
AGTCT	0.245	1.459	0.831	0.366	0.336
CTCGA	-0.111	0.46	0.618	1.062	0.587
TCTAA	0.366	0.689	0.412	0	0.225
ATTAA	-0.248	-0.565	-0.94	-0.935	-0.308
GAAGG	0.697	-0.285	-0.186	0.511	0.418
ACCGT	-0.296	0.936	0.126	0.85	2.092
CTTCG	1.212	0.094	0.461	0.157	0.49
GAGGG	0.49	0.512	0.815	1.006	1.12
GCTGG	1.234	1.25	0.042	0.268	0.937
TGGTA	-0.344	0.319	1.801	0.709	-0.3
ACATC	-0.795	1.47	-0.058	1.254	0.702
GTGAT	0.678	0.706	1.294	0.738	0.622
TGGCG	0.626	0.244	1.626	1.582	0.769
TTGCG	1.205	-0.342	0.734	1.296	1.078
GCGAG	1.287	1.669	0.641	0.992	1.311
CAGGA	-0.27	-0.605	0.925	0.613	-0.369
CTAAA	-0.09	0.829	0.28	0.188	-0.309
AACGA	0.749	0.07	0.293	-0.038	0.298
CTGGC	-0.029	-0.312	0.547	1.161	0.837
AAATA	-0.204	-0.889	-1.592	-1.127	-1.364
GGTGT	0.141	1.315	0.67	0.622	1.357
ACTTG	0.053	0.536	-0.348	-0.055	0.697
CGCCT	1.203	0.071	1.396	0.224	0.366
TCGCG	0.333	-0.076	0.884	1.536	0.653
GCACG	-0.451	0.392	-0.936	1.248	0.302
GCAAG	0.878	1.199	-0.733	-0.009	0.421
GTCGT	0.498	0.861	0.218	0.536	1.698
TGCTG	0.549	1.335	1.757	0.164	0.968
ACGTA	-0.006	0.536	-0.037	1.287	-0.187
TAAAA	0.829	0.28	0.188	-0.309	-0.894
GCGGG	0.666	0.595	-0.336	1.173	0.979
ACGGC	-0.936	1.248	0.302	1.28	0.989
AAGTG	0.262	-0.097	0.208	-0.19	0.359
GTTAA	1.248	1.24	0.691	-0.314	0.093
AGTAG	0.324	0.595	0.597	-0.469	1.273
TAGCG	0.597	-0.469	1.273	1.308	0.461
CATTA	1.333	-0.324	0.842	0.382	-0.296
ATGGA	-0.531	0.142	-0.134	0.688	-0.156
ATTTT	-0.745	0.19	-0.295	-0.987	-0.895
ATGAG	-0.247	0.429	0.399	-0.056	0.768
ATGTT	-0.611	0.383	0.593	0.869	0.023
TCTTG	0.824	0.074	0.302	0.503	0.625
GGCCA	0.421	0.404	0.595	-0.291	-0.871
CGTTA	0.477	1.248	1.24	0.691	-0.314
ATCGC	-0.185	1.033	0.076	0.69	0.722
CATAT	0.077	-0.765	1.217	-0.18	0.436
CAATC	-0.008	-0.228	0.777	0.407	-0.207
CCTGT	1.239	-0.133	-0.161	0.748	1.192
AATGG	-0.177	-0.531	0.142	-0.134	0.688
GTAGG	0.625	1.428	-0.34	0.92	1.273
AGTCA	0.576	1.162	0.16	0.448	-0.23
CTGAA	0.13	0.07	0.647	0.356	-0.072
CAGGC	0.585	-1.131	1.029	0.878	1.199
ACGGT	-0.719	0.791	0.682	1.295	0.679
TTAAT	0.129	-0.12	-0.615	-0.031	0.114
TTTAT	0.928	-0.022	0.011	-0.745	0.19
AGGGC	-0.047	0.555	0.789	0.162	0.147
AGGCT	-0.754	0.438	0.978	0.819	0.202
GAACT	0.875	0.247	0.104	-0.158	-0.563
ATCAG	-0.058	1.254	0.702	-0.547	1.486
CCACG	0.231	0.002	-0.414	1.249	0.411
GGTGC	0.944	1.754	0.741	1.049	1.764
GGCCC	0.511	1.633	0.959	0.021	0.426
GGATA	-0.132	0.73	0.127	0.641	-0.613
GGGGT	-0.609	0.462	0.528	0.756	0.027
GGGAG	0.979	0.778	0.426	-0.423	1.025
TCCCG	-0.321	-0.38	-0.253	0.349	1.383
TGCCG	1.104	0.906	1.213	-0.271	0.898
GTATG	0.756	0.027	-0.725	0.562	0.223
GGAGT	0.778	0.426	-0.423	1.025	0.626
CCTGA	0.385	0.13	0.07	0.647	0.356
CAGAC	0.135	-0.56	1.794	0.156	0.775
AGGTC	-0.45	2.083	1.684	0.432	0.36
GCCAT	0.844	1.35	0.116	-0.469	1.891
AGGTT	-0.34	0.92	1.273	0.203	-0.356
TTGTA	0.302	0.503	0.625	1.428	-0.34
GGCTA	0.522	1.063	1.43	0.125	-0.109
TATTA	1.455	-0.241	0.46	-0.077	-0.672
GCCCT	1.633	0.959	0.021	0.426	0.755
CCCTT	0.959	0.021	0.426	0.755	0.98
GTGCT	0.968	1.114	1.229	1.535	0.397
GTGAG	2.263	1.433	0.716	0.425	1.357
TAGCA	-0.562	-0.633	1.351	1.162	-0.473
TATTC	-0.428	-0.291	0.688	-0.208	-0.62
TGGCT	0.308	0.522	1.063	1.43	0.125
TCAAA	1.749	0.709	0.142	0.556	-0.075
GACAG	-0.055	-0.323	0.585	-1.131	1.029
TCGTT	-0.25	-0.535	0.695	1.897	0.356
TGGAT	-0.722	-0.132	0.73	0.127	0.641
TATGA	0.641	-0.613	0.393	0.899	0.291
CACCT	1.303	-0.509	0.708	-0.671	-0.506
GAGAT	0.796	-0.145	0.973	-0.247	0.429
AAGTC	-0.139	0.576	1.162	0.16	0.448
GTGTT	0.59	0.902	0.82	1.668	0.345
GCAAC	0.041	1.134	-0.37	0.59	-0.073
TAAGT	1.047	-0.272	0.302	0.759	-0.432
TATAC	0.214	-1.027	-0.065	-0.708	0.483
AATCG	0.656	0.289	-0.027	-0.745	0.308
AATGT	-0.355	-0.001	0.79	0.148	0.426
AGTTC	-0.058	2.054	1.422	0.212	0.143
ATTCA	0.12	0.229	-0.681	-0.58	-0.71
TCTGT	0.023	-0.186	-0.318	1.311	1.701
CGATA	0.483	1.233	0.671	1.194	-0.489
CTTGT	0.074	0.302	0.503	0.625	1.428
GCGGA	0.319	0.014	-0.167	1.024	0.171
TTAAG	0.476	0.206	-0.452	-0.047	0.555
CTTGC	-0.486	-0.619	-0.326	0.636	1.239
CCAAC	-0.93	0.37	0.021	0.843	0.883
AGAGA	0.119	0.725	-0.321	1.366	0.02
TGCGG	0.741	1.049	1.764	0.476	2.263
TGGCC	-0.312	0.547	1.161	0.837	-0.486
AGTAC	-0.552	1.669	1.279	-0.024	1.333
AAGCC	-0.216	0.402	0.824	0.074	-0.328
CTCGT	0.366	0.336	0.884	1.197	1.708
AATCT	0.18	0.392	0.477	-0.822	-0.898
ACCTT	0.303	1.272	0.152	0.17	0.747
CTAAT	0.496	-0.195	0.18	0.392	0.477
TGGTG	1.042	0.141	1.315	0.67	0.622
GCGTT	0.734	1.296	1.078	2.776	0.546
TCGAG	0.461	0.157	0.49	0.512	0.815
GAAAG	0.647	0.356	-0.072	-0.713	-0.387
AGACA	0.072	0.527	-0.138	0.845	-0.767
ATGCT	-0.109	1.177	0.726	1.196	0.047
GGGAC	1.28	0.773	0.721	0.062	0.554
CCTTA	0.021	0.426	0.755	0.98	0.089
TCGGA	0.275	-0.375	0.087	1.27	0.176
CGGCC	-0.153	0.511	1.633	0.959	0.021
ACCGA	0.843	0.883	-0.159	0.299	0.631
CCATG	1.35	0.116	-0.469	1.891	0.466
CTTTT	-1.069	-0.39	0.345	0.188	-0.245
CATAA	0.482	-0.882	1.007	-0.101	0.023
TACAA	-0.06	0.166	1.344	-0.558	0.072
CTCAT	0.687	-0.075	0.593	-0.074	1.016
AGAGG	-0.498	0.466	-0.179	0.511	0.536
CTGGG	1.25	0.042	0.268	0.937	0.927
ACCTC	-0.509	0.708	-0.671	-0.506	0.231
CGTGG	1.582	0.769	1.691	0.387	1.127
ATTAG	0.292	0.64	-0.303	-0.881	0.479
GCCCG	0.466	0.926	-0.183	-0.153	0.511
GACCC	1.211	0.831	1.035	0.003	0.24
ACCGC	-0.484	0.526	-0.371	0.546	1.303
CGCGT	-0.076	0.884	1.536	0.653	1.484
CGTGT	0.218	0.536	1.698	0.659	1.042
ACCAG	-0.202	0.421	0.135	-0.56	1.794
GTCCC	-0.458	0.208	0.124	-0.228	-0.029
TTTTA	-0.187	-0.713	-1.079	-1.02	-1.472
AAACG	-0.14	0.749	0.07	0.293	-0.038
CACGT	-0.58	-0.71	0.864	1.131	1.479
CAAAT	0.709	0.142	0.556	-0.075	-0.433
ATCAT	0.283	0.433	0.077	-0.765	1.217
TCAAC	0.109	0.848	0.22	0.84	0.565
AGGCC	-0.009	0.421	0.404	0.595	-0.291
TCCCT	0.208	0.124	-0.228	-0.029	-0.312
TGCTC	1.177	0.726	1.196	0.047	0.816
CGGTC	0.023	0.968	2.229	1.369	0.729
CTGAC	-0.158	-0.563	0.193	0.33	1.185
GACGT	0.359	0.316	0.535	0.58	1.39
TAACG	-0.481	-0.854	-0.006	0.536	-0.037
ACACA	0.285	0.984	-0.662	1.47	-0.136
